Institution Name,Address
3DInteractive,No address found
"4Brain, Department of Neurology, Ghent University Hospital",No address found
A.P. Møller - Mærsk A/S,"Esplanaden 50, 1098 København"
AAL Association,No address found
Aalborg University,"Fredrik Bajers Vej 7K, 9220 Aalborg Øst"
Aalborg Zoo,"Mølleparkvej 63, 9000 Aalborg"
Aalto University,"Otakaari 24, 02150 Espoo, Finland"
Aarhus kommune,No address found
Aarhus School of Architecture,"Exners Plads 7, 8000 Aarhus"
Aarhus Universitetshospital,No address found
Aarhus University,"Nordre Ringgade 1, 8000 Aarhus"
ABB,"Zürich, Switzerland"
ABB Corporate Research Center,No address found
ABB Corporate Research Center Germany,"Segelhofstrasse 30-34, 5405 Baden, Switzerland"
Abertay University,"Bell St, Dundee DD1 1HG, United Kingdom"
"Academic Center for Epileptology Kempenhaeghe and Maastricht University Medical Center, Heeze and Maastricht",No address found
Accenture A/S,"Bohrsgade 35, Copenhagen V, 1799 København"
Accenture Bengaluru Innovation Hub,"Park, Building 14, Pritech Rd, Adarsh Palm Retreat, Bellandur, Bengaluru, Karnataka 560103, India"
Access Microfinance Holding AG,"Berlin, Germany"
ACE Centre,"Hollinwood Business Centre, Albert St, Hollinwood, Failsworth, Oldham OL8 3QL, United Kingdom"
Adam Mickiewicz University in Poznań,"Wieniawskiego 1, 61-712 Poznań, Poland"
Addis Ababa University,"NBH1, 4killo King George VI St, Addis Ababa, Ethiopia"
Agribuddy Ltd.,No address found
"AHO The Oslo School of Architecture and Design, Norway","Maridalsveien 29, 0175 Oslo, Norway"
AI Denmark,No address found
Airbnb,"San Francisco, California, United States"
Aix-Marseille University,"Jardin du Pharo, 58 Boulevard Charles Livon, 13007 Marseille, France"
Al Ain University of Science and Technology,"Al Jimi, Near Al Ain Municipality, Al Ain - Abu Dhabi - United Arab Emirates"
Al Jazeera Media Network,"Doha, Qatar"
Alexander von Humboldt Institut für Internet und Gesellschaft,"Französische Str. 9, 10117 Berlin, Germany"
Alexandra Instituttet A/S,"Åbogade 34, 8200 Aarhus"
Alexandria University,"22 El-Gaish Rd, Al Azaritah WA Ash Shatebi, Bab Sharqi, Alexandria Governorate 5424041, Egypt"
Alfréd Rényi Institute of Mathematics,"Budapest, Reáltanoda utca 13-15, 1053 Hungary"
Alibaba Group,"Hangzhou, China"
Allen Institute for AI,No address found
Amador Bioscience,No address found
"Amazon.com, Inc.","Seattle, Washington, United States"
Amrita Vishwa Vidyapeetham,"Amrita University, Amritanagar, Ettimadai, Tamil Nadu 641112, India"
Ange Optimization,"Tagensvej 188, 2400 København"
"Applied research, technology and innovation",No address found
Aristotle University of Thessaloniki,"Thessaloniki 541 24, Greece"
Arizona State University,"1151 S Forest Ave, Tempe, AZ, United States"
Artanim Foundation,"Chem. du Grand-Puits 40, 1217 Meyrin, Switzerland"
Arup,"London, United Kingdom"
ASPL Pty Ltd,No address found
Association of Electronic Waste Producer Responsibility Organisations,No address found
AstraZeneca,"Johanne Møllers Passage 1, 4, 1799 København VKøbenhavn"
Athens University of Economics and Business,"28is Oktovriou 76, Athina 104 34, Greece"
Auckland University of Technology,"55 Wellesley Street East, Auckland CBD, Auckland 1010, New Zealand"
Audencia School of Management and Communication,No address found
Australian National University,"Canberra ACT 2601, Australia"
Austrian Institute for Applied Telecommunications,No address found
Austrian Science Fund,No address found
Autodesk Inc,"San Francisco, California, United States"
Autonomous University of Barcelona,"Plaça Cívica, 08193 Bellaterra, Barcelona, Spain"
Avanade Norway AS,"Rådhusgata 27, 0158 Oslo, Norway"
Babeș-Bolyai University,"Strada Mihail Kogălniceanu 1, Cluj-Napoca 400347, Romania"
Banard College,"3009 Broadway, New York, NY 10027, United States"
Bangor University,"Gwynedd LL57 2DG, United Kingdom"
Bar-Ilan University,"Ramat Gan, 5290002, Israel"
BBC Research & Development,No address found
Beijing Institute of Technology,"China, Bei Jing Shi, Haidian District, 魏公村中关村大街5号 邮政编码: 100811"
Beijing Language and Culture University,No address found
Beijing University of Posts and Telecommunications,"10 Xitucheng Rd, Beitaipingzhuang, Haidian District, Beijing, China, 100876"
Berliner Hochschule für Technik,"Luxemburger Str. 10, 13353 Berlin, Germany"
Bern University of Applied Sciences,No address found
Beskæftigelsesministeriet,No address found
Beuth University of Applied Sciences Berlin,"Luxemburger Str. 10, 13353 Berlin, Germany"
Bharati Vidyapeeth,"Bharati Vidyapeeth Bhavan, Lal Bahadur Shastri Rd, Joshi Wada, Sadashiv Peth, Pune, Maharashtra 411030, India"
BI Norwegian Business School,"Nydalsveien 37, 0484 Oslo, Norway"
Bielefeld University of Applied Sciences,"Hochschule Bielefeld, Interaktion 1, 33619 Bielefeld, Germany"
Bilkent University,"Üniversiteler, 06800 Çankaya/Ankara, Türkiye"
Biomediq A/S,No address found
Blackwood Seven Danmark A/S,"Livjægergade 17B, 3. floor, 2100 København"
Blast Theory,No address found
Blekinge Institute of Technology,"Valhallavägen 10, 371 79 Karlskrona, Sweden"
BMW Group Plant Leipzig,"BMW-Allee 1, 04349 Leipzig, Germany"
Bocconi University,"Via Roberto Sarfatti, 25, 20136 Milano MI, Italy"
Børneernæring og international ernæring,No address found
Börse Stuttgart,"Börsenstraße 4, 70174 Stuttgart, Germany"
Bosch Center for AI,No address found
Brainbot Technologie AG,No address found
"Bremen Institute for Transmedial Textuality, Bremen University",No address found
"Bremen, Research and Technology Group",No address found
Brunel University London,"Kingston Ln, London, Uxbridge UB8 3PH, United Kingdom"
BTK – Art & Design Berlin,No address found
CA Technologies,"New York, New York, United States"
CAD Limburg,No address found
California College of the Arts,"145 Hooper St, San Francisco, CA 94107, United States"
California State University,"1250 Bellflower Blvd, Long Beach, CA 90840, United States"
Canada Energy Regulator,No address found
Canva,"Sydney, Australia"
Cape Peninsula University of Technology,No address found
Capgemini,No address found
Cardiff University,"Cardiff CF10 3AT, United Kingdom"
Carleton University,"1125 Colonel By Dr, Ottawa, ON K1S 5B6, Canada"
Carlsberg Foundation,No address found
Carnegie Mellon University,No address found
Catholic University of the Sacred Heart,"Largo Fra Agostino Gemelli, 1, 20123 Milano MI, Italy"
CENTAI,"C.so Inghilterra, 10138 Torino TO, Italy"
"Center for Crisis and Disaster Psychiatry, Mental Health Services of the Capital Region of Denmark","Digevej 110, 2300 København"
Central European University,"Quellenstraße 51, 1100 Wien, Austria"
Centre for Social Innovation,No address found
CERSA/CNRS France,No address found
Chalmers University of Technology,"Chalmersplatsen 4, 412 96 Göteborg, Sweden"
Charité – Universitätsmedizin Berlin,"Charitépl. 1, 10117 Berlin, Germany"
Charles Darwin University,"Ellengowan Dr, Casuarina NT 0810, Australia"
Charles University,"Opletalova 38, 110 00 Staré Město, Czechia"
Chattogram Medical University,"Dhaka - Chittagong Hwy, Salimpur, Bangladesh"
Chemnitz University of Technology,"Str. der Nationen 62, 09111 Chemnitz, Germany"
China University of Mining and Technology,"X8XX+6F3, Wudaokou, Haidian District, China, 100083"
Chinese Academy of Sciences,"52 Sanlihe Rd, Xicheng District, Beijing, China, 100045"
"CIRAD, UMR TETIS,",No address found
Cisco,"San Jose, California, United States"
CISPA Helmholz Center for Information Security,No address found
City University of New York,"New York, New York, United States"
"City, University of London","Northampton Square, London EC1V 0HB, United Kingdom"
Clausthal University of Technology,"Adolph-Roemer-Straße 2A, 38678 Clausthal-Zellerfeld, Germany"
Clemson University,"105 Sikes Hall, Clemson, SC 29634, United States"
CNRS - Centre national de la recherche scientifique,"3 Rue Michel Ange, 75016 Paris, France"
College of William & Mary,No address found
Cologne Game Lab,"Schanzenstraße 28, 51063 Köln, Germany"
Cologne University of Applied Sciences,"Ubierring 48, 50678 Köln, Germany"
Colorado School of Mines,"1500 Illinois St, Golden, CO 80401, United States"
Columbia University,"116th and Broadway, New York, NY 10027, United States"
Computer Science Laboratory of the École polytechnique,No address found
Concordia University,"1455 Blvd. De Maisonneuve Ouest, Montreal, Quebec H3G 1M8, Canada"
Configit,"Midtermolen 3, 2100 København"
Constructor University,"Campus Ring 1, 28759 Bremen, Germany"
Copenhagen Business Academy,"Nansensgade 19, 1366 København K"
Copenhagen Business School,"Solbjerg Pl. 3, 2000 Frederiksberg"
Copenhagen Institute of Interaction Design,"Trekronergade 149A, 2500 Valby"
Copenhagen School of Design and Technology,No address found
Copenhagen University Hospital,No address found
Cork Constraint Computation Centre,No address found
Cornell University,"Ithaca, NY 14850, United States"
Coventry University,"Priory St, Coventry CV1 5FB, United Kingdom"
CQUniversity,No address found
Create-Net,No address found
CrystalDB,No address found
Curtin University,"Kent St, Bentley WA 6102, Australia"
CYBERTRONICA UG (HAFTUNGSBESCHRANKT) GMBH,"Meluner Str. 40, 70569 Stuttgart, Germany"
Czech Technical University in Prague,"Jugoslávských partyzánů 1580, 160 00 Praha 6, Czechia"
Dalhousie University,"6299 South St, Halifax, NS B3H 4R2, Canada"
Danish Center for Design Research,No address found
Danish Institute for Study Abroad,"Vestergade 7, 1456 København"
Danish Pioneer Centre for AI,"Øster Voldgade 3, 1350 København"
Danish School of Media and Journalism,"Helsingforsgade 6A, D, 8200 Aarhus"
Danmarks Tekniske Museum,"Fabriksvej 25, 3000 Helsingør"
Dansk Blindesamfund,"Blekinge Blvd. 2, 2630 Taastrup"
Dansk Sprognævn,No address found
Danske Medier,No address found
Danube University Krems,"Dr.-Karl-Dorrek-Straße 30, 3500 Krems an der Donau, Austria"
Darmstadt University of Applied Sciences,"Schöfferstraße 3, 64295 Darmstadt, Germany"
Darmstadt University of Technology,"Karolinenpl. 5, 64289 Darmstadt, Germany"
Dartmouth College,"Hanover, NH 03755, United States"
Data & Society,No address found
Data 61 - Commonwealth Scientific and Industrial Research Organisation,No address found
Data to Decisions Cooperative Research Center (CRC),No address found
DCR Solutions,"2151 Ware St, Abbotsford, BC V2S 3C4, Canada"
De Montfort University,"Gateway House, Leicester LE1 9BH, United Kingdom"
Deakin University,"Geelong, Australia"
Debitoor,No address found
Decisive Analytics Corporation,"Virginia, United States"
DeepMind,"London, United Kingdom"
Delft University of Technology,"Mekelweg 5, 2628 CD Delft, Netherlands"
Deliotte,No address found
Deloitte,No address found
"Department of Anthropology, University of Amsterdam",No address found
"Department of Clinical Neurosciences, University Hospital, Geneva",No address found
"Department of European Civilization Studies, Hellenic Open University",No address found
Department of Informatics - Umeå University,"Mit-huset, Campustorget 5, 901 87 Umeå, Sweden"
"Department of Information Engineering and Computer Science, University of Trento","Via Sommarive, 9, 38123 Povo TN, Italy"
"Department of Neuroscience, NTNU, Norway.",No address found
"Department of Social Policy, Panteion University & Department of Educational Policy, University of the Peloponnese",No address found
DePaul University,"2400 N Sheffield Ave, Chicago, IL 60614, United States"
Design School Kolding,"Ågade 10, 6000 Kolding"
Det Centrale Handicapråd,"Stationsvej 10, 9460 Brovst"
Det Kongelige Bibliotek,No address found
Det Nationale Forsknings- og Analysecenter for Velfærd,"Herluf Trolles Gade 11, 1052 København"
Det Unge Akademi,No address found
Deutsches Zentrum für Hochschul- und Wissenschaftsforschung,No address found
Digital Public Health,No address found
Digitaliseringsstyrelsen,"Landgreven 4, 1301 København"
DLI Market Intelligence,No address found
Drexel University,"3141 Chestnut St, Philadelphia, PA 19104, United States"
Dublin City University,"Dublin City University, Collins Ave Ext, Whitehall, Dublin 9, Ireland"
Duke University,"Durham, NC 27708, United States"
Dundalk Institute of Technology,"Institute of Technology, Dublin Rd, Marshes Upper, Dundalk, Co. Louth, A91 K584, Ireland"
Durham University,"The Palatine Centre, University, Stockton Rd, Durham DH1 3LE, United Kingdom"
East China University of Science and Technology,"China, Shanghai, Xuhui District, 梅陇路130号 邮政编码: 200231"
Eberhard Karls University of Tübingen,"Geschwister-Scholl-Platz, 72074 Tübingen, Germany"
École de technologie supérieure,"1100 Notre-Dame St W, Montreal, Quebec H3C 1K3, Canada"
École normale supérieure de Rennes,"Campus de Ker lann, 11 Av. Robert Schuman, 35170 Bruz, France"
École Normale Supérieure Paris-Saclay,"4 Av. des Sciences, 91190 Gif-sur-Yvette, France"
Ecole Polytechnique de Montreal,"2500 Chem. de Polytechnique, Montréal, QC H3T 1J4, Canada"
Ecole Polytechnique Fédérale de Lausanne,"Rte Cantonale, 1015 Lausanne, Switzerland"
eda.c,No address found
Edge Hill University,"St Helens Rd, Ormskirk L39 4QP, United Kingdom"
EDHEC Business School,"24 Av. Gustave Delory, 59100 Roubaix, France"
Eindhoven University of Technology,"5612 AZ Eindhoven, Netherlands"
EIVA,"Niels Bohrs Vej 17, 8660 Skanderborg"
Enabling Women of Kamand Valley,No address found
Ensenada Center for Scientific Research and Higher Education,"Carr. Tijuana-Ensenada 3918, Zona Playitas, 22860 Ensenada, B.C., Mexico"
Entropy Studio,No address found
Erasmus University Rotterdam,"Burgemeester Oudlaan 50, 3062 PA Rotterdam, Netherlands"
Ericsson,"Stockholm, Sweden"
ESSEC Business School,"3 Av. Bernard Hirsch, 95000 Cergy, France"
Estonian Academy of Arts,"Põhja pst 7, 10412 Tallinn, Estonia"
ETHOS Lab,No address found
European Commission,No address found
European School of Management and Technology,"Schloßpl. 1, 10178 Berlin, Germany"
European Union,No address found
Europeana Foundation,"Prins Willem-Alexanderhof 5, 2595 BE Den Haag, Netherlands"
Executive Office of The President of the United States,No address found
Exformatics,"Nyhavn 16, 1051 København"
Factmata,"Mindspace Aldgate, Whitechapel High St, London E1 7PT, United Kingdom"
"Faculty of Philosophy, University of Nis","Ćirila i Metodija 2, Niš, Serbia"
Federal Fluminense University,No address found
Federal University of Alagoas,"Maceió, State of Alagoas, Brazil"
Federal University of Amazonas,"Av. General Rodrigo Octavio Jordão Ramos, 1200 - Coroado I, Manaus - AM, 69067-005, Brazil"
Federal University of Para,"R. Augusto Corrêa, 01 - Guamá, Belém - PA, 66075-110, Brazil"
Federal University of Paraná,"R. XV de Novembro, 1299 - Centro, Curitiba - PR, 80060-000, Brazil"
Federal University of Pernambuco,"Av. Prof. Moraes Rego, 1235 - Cidade Universitária, Recife - PE, 50670-901, Brazil"
"Federal University of Rio de Janeiro, Rio de Janeiro, Brazil",No address found
Federal University of Rio Grande do Sul,"Farroupilha, Porto Alegre - RS, 90010-150, Brazil"
Federal University of Santa Catarina,"R. Eng. Agronômico Andrei Cristian Ferreira, s/n - Trindade, Florianópolis - SC, 88040-900, Brazil"
Federal University of Technology - Paraná,No address found
Finnish Society of Bioart,No address found
Flensburg University of Applied Sciences,"Kanzleistraße 91-93, 24943 Flensburg, Germany"
Florida Atlantic University,"777 Glades Rd, Boca Raton, FL 33431, United States"
Florida International University,"11200 SW 8th St, Miami, FL 33199, United States"
Florida State University,"222 S Copeland St, Tallahassee, FL 32306, United States"
FOM Hochschule für Oekonomie & Management,No address found
FOM University of Applied Sciences,"Leimkugelstraße 6, 45141 Essen, Germany"
FONDATION DE L'INSTITUT DE RECHERCHE IDIAP,"Rue Marconi 19, 1920 Martigny, Switzerland"
Fondazione Bruno Kessler,"Via Sommarive, 18, 38123 Povo TN, Italy"
"Fondazione the Microsoft Research – University of Trento Centre for Computational and Systems Biology, Italy",No address found
Fontys University of Applied  Sciences,No address found
Fordham University,"Bronx, NY 10458, United States"
Framingham State University,"100 State St, Framingham, MA 01701, United States"
Frankfurt University of Applied Sciences,"Nibelungenpl. 1, 60318 Frankfurt am Main, Germany"
Fraunhofer FIT,"Schloss Birlinghoven, Konrad-Adenauer-Straße, 53757 Sankt Augustin, Germany"
Fraunhofer Institute for Experimental Software Engineering,"Fraunhofer-Platz 1, 67663 Kaiserslautern, Germany"
Fraunhofer Institute for Industrial Engineering,"Nobelstraße 12, 70569 Stuttgart, Germany"
Fraunhofer Institute for Manufacturing Engineering and Automation IPA,"Nobelstraße 12, 70569 Stuttgart, Germany"
Fraunhofer Institute for Mechatronic Design,"Zukunftsmeile 1, 33102 Paderborn, Germany"
Fraunhofer Institute for Toxicology and Experimental Medicine ITEM,"Nikolai-Fuchs-Straße 1, 30625 Hannover, Germany"
Fraunhofer-Gesellschaft,No address found
Fraunhofer-Gesellschaft zur Förderung der angewandten Forschung e.V.,No address found
Frederiksberg kommune,No address found
Free University of Berlin,"Kaiserswerther Str. 16-18, 14195 Berlin, Germany"
Free University of Bozen-Bolzano,"Piazza Università, 1, 39100 Bolzano BZ, Italy"
Friedrich Schiller University Jena,No address found
Friedrich-Alexander-Universität Erlangen-Nürnberg,"Schloßplatz 4, 91054 Erlangen, Germany"
Friendship,No address found
"Frog design Inc., New York","79 5th Ave, New York, NY 10003, United States"
Fudan University,"220 Handan Rd, Yangpu District, Shanghai, China, 200437"
FX Pal,"Palo Alto, California, United States"
FX Palo Alto Laboratory,"Palo Alto, California, United States"
Game Innovation Lab,No address found
George Mason University,"4400 University Dr, Fairfax, VA 22030, United States"
Georgetown University,"3700 O St NW, Washington, DC 20057, United States"
Georgia Institute of Technology,"Atlanta, GA 30332, United States"
Georgia State University,"Atlanta, GA 30302, United States"
German Aerospace Center,No address found
German Cancer Research Center,"Deutsches Krebsforschungszentrum (DKFZ), Im Neuenheimer Feld 280, 69120 Heidelberg, Germany"
German Research Center for Artificial Intelligence,"Trippstadter Str. 122, 67663 Kaiserslautern, Germany"
GESIS – Leibniz Institute for the Social Sciences,"B6 4, 5, 68159 Mannheim, Germany"
GEUS,"Øster Voldgade 10, 1350 København"
GGZ Momentum,No address found
Goethe University Frankfurt,"Theodor-W.-Adorno-Platz 1, 60629 Frankfurt am Main, Germany"
"Goldsmiths, University of London","8 Lewisham Way, London SE14 6NW, United Kingdom"
Gonzaga University,"502 E Boone Ave, Spokane, WA 99258, United States"
Google Brain,No address found
Google DeepMind,"London, United Kingdom"
Google Inc.,No address found
Government of Canada,No address found
Griffith University,No address found
GSI Technology,"Sunnyvale, California, United States"
Gwangju Institute of Science and Technology,"123 Cheomdangwagi-ro, Buk-gu, Gwangju, South Korea"
"Hanover University of Music, Drama, and Media","Neues Haus 1, 30175 Hannover, Germany"
Harvard University,"Massachusetts Hall, Cambridge, MA 02138, United States"
Harz University of Applied Sciences,"Friedrichstraße 54-57, 38855 Wernigerode, Germany"
Hasselt University,"Martelarenlaan 42, 3500 Hasselt, Belgium"
Hasso Plattner Institute,"Prof.-Dr.-Helmert-Straße 2-3, 14482 Potsdam, Germany"
Hawassa University,"3F2W+CQH, Hawassa, Ethiopia"
Hebrew University of Jerusalem,Jerusalem
Heidelberg Institute for Theoretical Studies,No address found
Heidelberg University,"Grabengasse 1, 69117 Heidelberg, Germany"
Helsinki Institute for Information Technology,"Computer Science Building, Konemiehentie 2, 02150 Espoo, Finland"
Heriot-Watt University,"Edinburgh EH14 4AS, United Kingdom"
Higher National School of Computer Science,"Ecole Nationale Supérieure d'Informatique (ESI ex.INI), Alger, Oued Smar 16309, Algeria"
Hitotsubashi University,"2 Chome-1 Naka, Kunitachi, Tokyo 186-8601, Japan"
Hochschule Mannheim,"Paul-Wittsack-Straße 10, 68163 Mannheim, Germany"
Homi Bhabha National Institute,"2nd floor, BARC, Training School Complex, Anushakti Nagar, Mumbai, Maharashtra 400094, India"
Honda Research Institute Europe GmbH,"Carl-Legien-Straße 30, 63073 Offenbach am Main, Germany"
"Huawei Technologies Co., Ltd.","Shenzhen, China"
Huazhong University of Science and Technology,"China, Hubei, Wuhan, Hongshan, 珞喻路1037号 邮政编码: 430074"
Hugging Face,No address found
Humboldt University of Berlin,"Unter den Linden 6, 10117 Berlin, Germany"
Huygens Institute for the History of the Netherlands,No address found
i2cat,No address found
IBM,"Armonk, New York, United States"
IBM Brazil,No address found
IBM Research,No address found
IBM Research – Almaden,"650 Harry Rd, San Jose, CA 95120, United States"
IBM Research Australia,No address found
IESE Business School,No address found
Illinois Institute of Technology,"10 W 35th St, Chicago, IL 60616, United States"
Ilmenau University of Technology,"Ehrenbergstraße 29, 98693 Ilmenau, Germany"
imec-MICT-Ghent University,"Miriam Makebaplein 1, 9000 Gent, Belgium"
Imperial College London,"Exhibition Rd, South Kensington, London SW7 2AZ, United Kingdom"
IMT Mines Albi,"All. des sciences, 81000 Albi, France"
Independent Innovation Consultant Robin Gissing,No address found
Independent Research Fund Denmark,No address found
Indian Institute of Management Bangalore,"Bannerghatta Rd, opp. to Apollo Hospitals, Sundar Ram Shetty Nagar, Bilekahalli, Bengaluru, Karnataka 560076, India"
Indian Institute of Science Education and Research Pune,No address found
Indian Institute of Technology Bombay,"Main Gate Rd, IIT Area, Powai, Mumbai, Maharashtra 400076, India"
Indian Institute of Technology Delhi,No address found
Indian Institute of Technology Madras,No address found
Indian Institute of Technology Mandi,"Parashar Road, Tehsil Sadar, Near Kataula, Kamand, Himachal Pradesh 175005, India"
Indian Institute of Technology Roorkee,No address found
Indiana University,No address found
Industriegewerkschaft Metall,No address found
Industriens Uddannelsessekretariat,No address found
"Infinite Interactive LTD, UK",No address found
Infosys Labs,No address found
"Infosys Ltd. Bangalore, India",No address found
Ing Groep,"Amsterdam, Netherlands"
Innopolis University,"Universitetskaya St, 1, Innopolis, Republic of Tatarstan, Russia, 420500"
Innovationsnetværk for IT - InfinIT,No address found
"Inria, CNRS, Universite de Lorraine",No address found
Institut commercial de Nancy Business School,No address found
Institut Polytechnique de Paris,"Rte de Saclay, 91120 Palaiseau, France"
Institute for Advanced Studies in Basic Sciences,"Zanjan, Sobouti Blvd, No. 444, Prof. Yousef, Iran"
Institute for Basic Science,"Daejeon, South Korea"
"Institute for Education, Research, and Scholarships","800 Wilshire Blvd, Los Angeles, CA 90017, United States"
Institute for Frontier Areas of Psychology and Mental Health,No address found
Institute for Renewable Energy – EURAC Research,"Via Alessandro Volta, 13A, 39100 Bolzano BZ, Italy"
Institute for Scientific Interchange Foundation,No address found
Institute of Tropical Medicine Antwerp,"Kronenburgstraat 43, 2000 Antwerpen, Belgium"
Instituto de Telecomunicações,No address found
Instituto Potosino de Investigación Científica y Tecnológica,"Cam. a la Presa de San José 2055, Lomas 4ta Secc, 78216 San Luis Potosí, S.L.P., Mexico"
Instituto Superior Tecnológico 17 de Julio,"9V5F+VV6, Otavalo, Ibarra, Ecuador"
Instituto Universitário de Lisboa (ISCTE-IUL),"Av. das Forças Armadas, 1649-026 Lisboa, Portugal"
Institutt for informasjon- og medievitenskap - Universitetet i Bergen,No address found
Intel,"Santa Clara, California, United States"
Intel Labs,No address found
Interactive Institute,No address found
International University of Rabat,"Shore Rocade, Rocade S, Rabat 11103, Morocco"
IOHK Research,No address found
Ithaca College,"953 Danby Rd, Ithaca, NY 14850, United States"
"ITI/LARSyS, ARDITI",No address found
IULM University Milan,"Via Carlo Bo, 1, 20143 Milano MI, Italy"
Japanordic,No address found
Jilin University,"China, Jilin, Changchun, Chaoyang District, Changchun, 前进大街2699号 邮政编码: 130012"
"Jivass Technologies,","1st Floor, Ashwamedha, contact@jivass.com, 121, Velachery Main Rd, Guindy, Chennai, Tamil Nadu 600032, India"
Johann Wolfgang Goethe University,"Theodor-W.-Adorno-Platz 1, 60629 Frankfurt am Main, Germany"
Johannes Gutenberg University Mainz,"Saarstraße 21, 55122 Mainz, Germany"
Johannes Kepler University Linz,"Altenberger Str. 69, 4040 Linz, Austria"
Johns Hopkins University,"Baltimore, MD 21218, United States"
Johnson & Johnson Innovative Medicine,No address found
Johnson & Johnson Medical BV,No address found
Jönköping University,"Gjuterigatan 5, 553 18 Jönköping, Sweden"
Jozef Stefan Institute,"Jamova cesta 39, 1000 Ljubljana, Slovenia"
KAI Kompetenzzentrum Automobil- und Industrieelektronik GmbH,No address found
Kansai University,"3 Chome-3-35 Yamatecho, Suita, Osaka 564-8680, Japan"
Karlsruhe Institute of Technology,"Kaiserstraße 12, 76131 Karlsruhe, Germany"
Karlsruher Institut für Technologie,"Kaiserstraße 12, 76131 Karlsruhe, Germany"
Karlstad University,"Universitetsgatan 2, 651 88 Karlstad, Sweden"
Karolinska Institutet,"Solnavägen 1, 171 77 Solna, Sweden"
Keele University,"Keele, Newcastle ST5 5BG, United Kingdom"
Keio University,"2 Chome-15-45 Mita, Minato City, Tokyo 108-0073, Japan"
King's College London,No address found
Københavns Kommune,No address found
Koç University,"Rumelifeneri, Sarıyer Rumeli Feneri Yolu, 34450 Sarıyer/İstanbul, Türkiye"
Köln University of Applied Sciences,"Ubierring 48, 50678 Köln, Germany"
Konstfack,No address found
Kookmin University,"77 Jeongneung-ro, Seongbuk District, Seoul, South Korea"
Kore University of Enna,"Piazza dell'Università, 94100 Enna EN, Italy"
Korea Advanced Institute of Science and Technology,"291 Daehak-ro, Yuseong District, Daejeon, South Korea"
Kristiania University College,No address found
KTH Royal Institute of Technology,"Brinellvägen 8, 114 28 Stockholm, Sweden"
KU Leuven,"Oude Markt 13, 3000 Leuven, Belgium"
Kulturstyrelsen,"Hammerichsgade 14, DK-1611, 1553 København"
Kvorning Design,"Njalsgade 21E, 2300 København"
Kyoto University,"Yoshidahonmachi, Sakyo Ward, Kyoto, 606-8501, Japan"
Kyushu Institute of Technology,"1-1 Sensuicho, Tobata Ward, Kitakyushu, Fukuoka 804-8550, Japan"
Kyushu University,"Fukuoka, Fukuoka, Japan"
La Trobe University,No address found
Laboratoire d'informatique de Grenoble,"Bâtiment IMAG, 700 Av. Centrale, 38401 Saint-Martin-d'Hères, France"
"Laboratory of Cognitive Neuroscience, EPFL",No address found
Laerdal Medical,"Njalsgade 19 D, 2300 København"
Lancaster University,"Bailrigg, Lancaster LA1 4YW, United Kingdom"
Lappeenranta–Lahti University of Technology,"Yliopistonkatu 34, 53850 Lappeenranta, Finland"
LCO Prime AB,No address found
Leibniz Universität Hannover,"Welfengarten 1, 30167 Hannover, Germany"
Leibniz University Hannover,"Welfengarten 1, 30167 Hannover, Germany"
Leiden University,"Rapenburg 70, 2311 EZ Leiden, Netherlands"
Leipzig University,"Augustuspl. 10, 04109 Leipzig, Germany"
Lero,No address found
"LFCS, School of Informatics, Edinburgh University",No address found
Liberos LLC,No address found
Liege Game Lab,No address found
LightingDesign.dk,No address found
LimeSense AB,No address found
Linköping University,"581 83 Linköping, Sweden"
Linnaeus University,"Universitetsplatsen 1, 352 52 Växjö, Sweden"
lllinois State University,"100 N University St, Normal, IL 61761, United States"
London Knowledge Lab,"23-29 Emerald St, London WC1N 3QS, United Kingdom"
Loughborough University,"Epinal Way, Loughborough LE11 3TU, United Kingdom"
Louisiana Museum of Modern Art,"Gl Strandvej 13, 3050 Humlebæk"
Ludwig Maximilian University of Munich,"Geschwister-Scholl-Platz 1, 80539 München, Germany"
Lugus Studios,"Aldestraat 48, 3500 Hasselt, Belgium"
Luleå University of Technology,"971 87 Luleå, Sweden"
Lund University,"Lund, Sweden"
Luxembourg Institute of Science and Technology,No address found
Maastricht University,"Minderbroedersberg 4-6, 6211 LK Maastricht, Netherlands"
Macquarie University,"Balaclava Rd, Macquarie Park NSW 2109, Australia"
Makerere University,"7062 University Rd, Kampala, Uganda"
MakerSpace Foundation,No address found
Mälardalen University,"Universitetsplan 1, 722 20 Västerås, Sweden"
Malmö University,"Nordenskiöldsgatan 1, 211 19 Malmö, Sweden"
Manchester Metropolitan University,"Ormond, Lower Ormond St, Manchester M15 6BX, United Kingdom"
Martin Luther University Halle-Wittenberg,"06108 Halle (Saale), Germany"
Masaryk University,"Žerotínovo nám. 617/9, 601 77 Brno, Czechia"
Massachusetts Institute of Technology,"77 Massachusetts Ave, Cambridge, MA 02139, United States"
Mavenoid,No address found
Max Planck Institute for Human Development,"Lentzeallee 94, 14195 Berlin, Germany"
Max Planck Institute for Informatics,"Campus, Stuhlsatzenhausweg E1 4, 66123 Saarbrücken, Germany"
Max Planck Institute for Intelligent Systems,"Heisenbergstraße 3, 70569 Stuttgart, Germany"
Max Planck Society for the Advancement of the Sciences,No address found
Maynooth University,"Maynooth, Co. Kildare, Ireland"
McGill University,"845 Sherbrooke St W, Montreal, Quebec H3A 0G4, Canada"
Mediterranean Institute of Technology,"Av. du Rial, Tunisia"
Merck KGaA,"Darmstadt, Germany"
Meta,"Menlo Park, California, United States"
Meta AI,No address found
Metropolitan University College - Former organisation.  01/01/2018.  Taken over by University College Copenhagen,No address found
Meyer Werft,"Industriegebiet Süd, 26871 Papenburg, Germany"
Microsoft,"Redmond, Washington, United States"
Microsoft Research,No address found
Microsoft Research Cambridge,"21 Station Rd, Cambridge CB1 2FB, United Kingdom"
MID KTH,No address found
Middlesex University,"The Burroughs, London NW4 4BT, United Kingdom"
MITRE Corporation,"McLean, Virginia, United States"
Mobile Life Centre,No address found
modl.ai,No address found
Modul University Vienna,"Am Kahlenberg 1, 1190 Wien, Austria"
Moesgaard Museum,"Moesgård Allé 15, 8270 Højbjerg"
Mohamed bin Zayed University of Artificial Intelligence,Masdar City - Abu Dhabi - United Arab Emirates
Mohammed VI Polytechnic University,"Lot 660, Ben Guerir 43150, Morocco"
Moholy-Nagy University of Art and Design,"Budapest, Zugligeti út 9, 1121 Hungary"
Monash University,"Wellington Rd, Clayton VIC 3800, Australia"
Mother Teresa University,"7F9J+MFM, Attuvampatti, Kodaikanal, Tamil Nadu 624101, India"
Mozilla Foundation,"San Francisco, California, United States"
mPower Social Enterprises Ltd,"Level 10 House 77, Nur Empori, Road 11 Banani Bridge, Dhaka 1213, Bangladesh"
MUNCH,No address found
Munster Technological University,"Clash Road, Clash West, Tralee, Co. Kerry, Ireland"
Museum für Naturkunde - Leibniz Institute for Evolution and Biodiversity Science,"Invalidenstraße 43, 10115 Berlin, Germany"
Museum Midtjylland,"Administrationen, Vestergade 20, 7400 Herning"
"Nagasaki University,","1-14 Bunkyomachi, Nagasaki, 852-8131, Japan"
Namibia University of Science and Technology,No address found
Nanyang Technological University,"50 Nanyang Ave, Singapore 639798"
National and Kapodistrian University of Athens,"Athens 157 72, Greece"
National Autonomous University of Mexico,"Av. Universidad 3004, Copilco Universidad, Coyoacán, 04510 Ciudad de México, CDMX, Mexico"
National ICT Australia,"Sydney, Australia"
National Institute of Advanced Industrial Science and Technology,No address found
National Research Council of Italy,No address found
National Technical University of Athens,"Leof. Alimou Katechaki, Zografou 157 72, Greece"
National University of Colombia,"Ave Cra 30 #45-3, Bogotá, Colombia"
National University of Ireland,No address found
National University of Mongolia,"WWF9+6H6, SBD - 6 khoroo, Ulaanbaatar 14200, Mongolia"
National University of Singapore,"21 Lower Kent Ridge Rd, Singapore 119077"
NaturBornholm,"Grønningen 30, 3720 Aakirkeby"
Naver AI Lab,No address found
NEC Laboratories Europe GmbH,"Kurfürsten-Anlage 36, 69115 Heidelberg, Germany"
NEOMA Business School,"1 Rue du Maréchal Juin, 76130 Mont-Saint-Aignan, France"
Netcompany IT & Business Consulting A/S,"Strandgade 3, 1401 København"
New Jersey Institute of Technology,"323 Dr Martin Luther King Jr Blvd, Newark, NJ 07102, United States"
New York University,"New York, NY 10012, United States"
Newcastle University,"Newcastle upon Tyne NE1 7RU, United Kingdom"
NextGame,No address found
NII - National Institute of Informatics,"2 Chome-1-2 Hitotsubashi, Chiyoda City, Tokyo 101-0003, Japan"
Nokia Bell Labs,No address found
NordForsk,"Stensberggata 27, 0170 Oslo, Norway"
Nordic Bioscience,"Herlev Hovedgade 205, 2730 Herlev"
Nordic Institute of Health Economics,No address found
North Carolina State University,"Raleigh, NC 27695, United States"
Northeastern University,"360 Huntington Ave, Boston, MA 02115, United States"
Northern Arizona University,"S San Francisco St, Flagstaff, AZ 86011, United States"
Northumbria University,"Ellison Pl, Newcastle upon Tyne NE1 8ST, United Kingdom"
Northwestern University,"633 Clark St, Evanston, IL 60208, United States"
Norwegian University of Science and Technology,"Høgskoleringen 1, 7034 Trondheim, Norway"
Nottingham Trent University,"50 Shakespeare St, Nottingham NG1 4FQ, United Kingdom"
NOVA University Lisbon,"1099-085 Lisbon, Portugal"
Novo Nordisk Foundation,Hellerup
NTT - Nippon Telegraph and Telephone Corporation,"Chiyoda City, Tokyo, Japan"
Ny Carlsberg Glyptotek,"Dantes Plads 7, 1556 København"
OCAD University,"100 McCaul St, Toronto, ON M5T 1W1, Canada"
Octotext AB,No address found
OFFIS institute for information technology,"Escherweg 2, 26121 Oldenburg, Germany"
Økonomi- og Indenrigsministeriet,No address found
Old Dominion University,"5115 Hampton Blvd, Norfolk, VA 23529, United States"
Open Data Institute,No address found
Open Earth Foundation,No address found
Open University of Catalonia,"Rambla del Poblenou, 154-156, Sant Martí, 08018 Barcelona, Spain"
Oracle Corporation,"Austin, Texas, United States"
Orange Labs,No address found
Örebro University,"Fakultetsgatan 1, 701 82 Örebro, Sweden"
Osaka Medical and Pharmaceutical University,No address found
Osaka Prefecture University,"Japan, 〒599-8531 Osaka, Sakai, Naka Ward, Gakuencho, １番１号"
Oslo and Akershus University College of Applied Sciences,"Clara Holsts hus, Pilestredet 46, 0167 Oslo, Norway"
Oslo Metropolitan University,"Pilestredet Park 0890, 0176 Oslo, Norway"
Oslo National Academy of the Arts,"Fossveien 24, 0551 Oslo, Norway"
Østfold University College,"B R A Veien 4, 1757 Halden, Norway"
Ottawa Hospital Research Institute,No address found
Paderborn University,"Universität Paderborn, Warburger Str. 100, 33098 Paderborn, Germany"
Palo Alto Research Center,"Palo Alto, California, United States"
Pamplin College of Business,"880 W Campus Dr, Blacksburg, VA 24061, United States"
Parameter Lab,No address found
Paris Diderot University,"5 Rue Thomas Mann, 75013 Paris, France"
Paris Sciences et Lettres University,"60 Rue Mazarine, 75006 Paris, France"
Pedal Me,"London, United Kingdom"
Peking University,"5 Yiheyuan Rd, Haidian District, Beijing, China, 100871"
Pensylvania State University,"201 Old Main, University Park, PA 16802, United States"
Personas Technology Ltd,No address found
Polytechnic Institute of Paris,"Rte de Saclay, 91120 Palaiseau, France"
Polytechnic University of Catalonia,"Carrer de Jordi Girona, 31, Les Corts, 08034 Barcelona, Spain"
Polytechnic University of Milan,"Piazza Leonardo da Vinci, 32, 20133 Milano MI, Italy"
Polytechnic University of Turin,"Corso Castelfidardo, 39, 10129 Torino TO, Italy"
Polytechnic University of Valencia,"Camí de Vera, s/n, Algirós, 46022 València, Valencia, Spain"
Pompeu Fabra University,"Carrer de la Mercè, 12, Ciutat Vella, 08002 Barcelona, Spain"
Pontifical Catholic University of Rio de Janeiro,"Gávea, Rio de Janeiro - State of Rio de Janeiro, Brazil"
Pontifical Catholic University of Rio Grande do Sul,"Av. Ipiranga, 6681 - Partenon, Porto Alegre - RS, 90619-900, Brazil"
Pontificial Catholic University of Parana,"R. Imac. Conceição, 1155 - Prado Velho, Curitiba - PR, 80215-901, Brazil"
Portland State University,No address found
Preely,"Langebrogade 4, 1411 København K"
Princeton University,"Princeton, NJ 08544, United States"
Protocol Labs,No address found
Psychological Society of Ireland,No address found
Public University of Navarra,"Av. Cataluña, s/n, 31006 Pamplona, Navarra, Spain"
Purdue University,"610 Purdue Mall, West Lafayette, IN 47907, United States"
Qatar Computing Research institute,"8CCG+J8J, Ar-Rayyan, Qatar"
Queen Mary University of London,No address found
Queen’s University,"99 University Ave, Kingston, ON K7L 3N6, Canada"
Queensland University of Technology,"2 George St, Brisbane City QLD 4000, Australia"
Radboud University Nijmegen,"Houtlaan 4, 6525 XZ Nijmegen, Netherlands"
"Rangeland Resources and Systems Research Unit, United States Department of Agriculture, Agricultural Research Service",No address found
Reichman University,"האוניברסיטה 8 8, Herzliya, 4610101, Israel"
Rensselaer Polytechnic Institute,"110 8th St, Troy, NY 12180, United States"
Research Institute Computer And Systems Aléatoires,No address found
Research Institute in Communications and Cybernetic of Nantes - Ecole Centrale de Nantes,"1 Rue de la Noë, 44300 Nantes, France"
Reutlingen University,"Alteburgstraße 150, 72762 Reutlingen, Germany"
Reykjavík University,"Menntavegur 1, 102, 101 Reykjavík, Iceland"
RheinMain University of Applied Sciences,"Kurt-Schumacher-Ring 18, 65197 Wiesbaden, Germany"
Rhodes University,"Drosty Rd, Makhanda, 6139, South Africa"
Rice University,"6100 Main St, Houston, TX 77005, United States"
Rigshospitalet,No address found
RIKEN Center for Advanced Intelligence Project,No address found
RIKEN Center for Computational Science,"7 Chome-1-26 Minatojima Minamimachi, Chuo Ward, Kobe, Hyogo 650-0047, Japan"
Ritsumeikan University,"56-1 Tojiin Kitamachi, Kita Ward, Kyoto, 603-8577, Japan"
"RMIT, Design Practices",No address found
Rochester Institute of Technology,"1 Lomb Memorial Dr, Rochester, NY 14623, United States"
Roskilde University,"Universitetsvej 1, 4000 Roskilde"
Rowan University,"201 Mullica Hill Rd, Glassboro, NJ 08028, United States"
Royal Danish Academy,"Philip De Langes Allé 10, 1435 København"
Royal Melbourne Institute of Technology,"124 La Trobe St, Melbourne VIC 3000, Australia"
Ruhr University Bochum,"Universitätsstraße 150, 44801 Bochum, Germany"
Rutgers University,No address found
RWTH Aachen University,"Templergraben 55, 52062 Aachen, Germany"
Ryerson University,"350 Victoria St, Toronto, ON M5B 2K3, Canada"
Saarland University,"Campus, 66123 Saarbrücken, Germany"
"Saïd Business School, University of Oxford","Park End St, Oxford OX1 1HP, United Kingdom"
Saint Louis University,No address found
Saint Mary's University of Minnesota,No address found
Samsung Semiconductor Denmark Research,"Flæsketorvet 68, 1711 København"
Sant'Anna School of Advanced Studies,"Piazza Martiri della Libertà, 33, 56127 Pisa PI, Italy"
SAP Research,No address found
Sapienza University of Rome,"Piazzale Aldo Moro, 5, 00185 Roma RM, Italy"
ScaDS.AI,"Humboldtstraße 25, 04105 Leipzig, Germany"
"School of Architecture, Planning and Landscape, Newcastle University","University, Newcastle upon Tyne NE1 7RU, United Kingdom"
Schwyz University of Teacher Education,"Zaystrasse 42, 6410 Goldau, Switzerland"
Science and Technology of the Northern Minas Gerais,No address found
Sciencecom Denmark,No address found
Sciences Po,"27 Rue Saint-Guillaume, 75007 Paris, France"
Sealytix,No address found
Seoul National University,"1 Gwanak-ro, Gwanak-gu, Seoul, South Korea"
Shahid Beheshti University,"Tehran Province, Tehran, District 1, Daneshjou Blvd, Q9XV+XG7, 19839 69411, Iran"
Shahjalal University of Science and Technology,"University Ave, Sylhet 3114, Bangladesh"
Shanghai International Studies University,No address found
Shanghai Jiao Tong University,"China, Shanghai, Minhang District, 东川路 邮政编码: 200240"
Shanghai University of International Business and Economics,"1900 Wenxiang Rd, Songjiang District, Shanghai, China, 201613"
Sheffield Hallam University,"Howard St, Sheffield City Centre, Sheffield S1 1WB, United Kingdom"
Sheffield Teaching Hospital,"Royal Hallamshire Hospital, Broomhill, Glossop Rd, Sheffield S10 2JF, United Kingdom"
"Shenkar College of Engineering, Design and Art","Anne Frank St 12, Ramat Gan, Israel"
SICS  RISE,"Ole Römers väg 5A, 223 63 Lund, Sweden"
Simon Fraser University,"8888 University Dr W, Burnaby, BC V5A 1S6, Canada"
Simula Metropolitan Center for Digital Engineering AS,No address found
Singapore Management University,"81 Victoria St, Singapore 188065"
Slovak University of Technology,"public@stuba.sk, Vazovova 5, 811 07 Bratislava, Slovakia"
Snowflake,"Bozeman, Montana, United States"
Social Shaping Research LTD,No address found
"Social Spaces, LUCA School of Arts",No address found
SocialSquare,No address found
Södertörn University,"Alfred Nobels allé 7, 141 89 Huddinge, Sweden"
Sofia University St. Kliment Ohridski,"Sofia Center, Tsar Osvoboditel Blvd 15, 1504 Sofia, Bulgaria"
Sorbonne University,No address found
Southern Methodist University,"Dallas, TX 75205, United States"
Southern University of Science and Technology (SUSTech),"1088 Xueyuan Blvd, Nanshan, Shenzhen, Guangdong Province, China, 518055"
Southwestern University,"1001 E University Ave, Georgetown, TX 78626, United States"
Spanish National Research Council,No address found
"Srishti Manipal Institute of Art, Design and Technology",No address found
St. Petersburg State University,"University Embankment, 7/9, St Petersburg, Russia, 199034"
St. Pölten University of Applied Sciences,"Campus-Platz 1, 3100 St. Pölten, Austria"
Stanford University,"450 Jane Stanford Way, Stanford, CA 94305, United States"
Statens Naturhistoriske Museum,No address found
STEIM,No address found
Stetson University,"421 N Woodland Blvd, DeLand, FL 32723, United States"
Stockholm School of Economics,"Sveavägen 65, 113 83 Stockholm, Sweden"
Stockholm University,"Frescativägen, 114 19 Stockholm, Sweden"
Stony Brook University,"100 Nicolls Rd, Stony Brook, NY 11794, United States"
Strategy&,No address found
Studio C,No address found
Sudan University of Science & Technology,No address found
Swedish Institute of Computer Science,No address found
Swinburne University of Technology,"John St, Hawthorn VIC 3122, Australia"
Swiss Federal Institute of Technology Zürich,"Rämistrasse 101, 8092 Zürich, Switzerland"
Swiss National Science Foundation,No address found
Syracuse University,"900 S Crouse Ave, Syracuse, NY 13244, United States"
Tactile Entertainment A/S,"Vestergade 33, 1456 København"
Tallinn University,"Narva mnt 25, 10120 Tallinn, Estonia"
Tallinn University of Technology,"Ehitajate tee 5, 19086 Tallinn, Estonia"
Tampere University,"Kalevantie 4, 33100 Tampere, Finland"
Tampere University of Technology - Former organisation.  31/12/2018.  Taken over by Tampere University,No address found
Tax office of Denmark,"Crowne Plaza Copenhagen Towers, an IHG Hotel, Hannemanns Allé 25, 2300 København"
Technical University of Berlin,"Straße des 17. Juni 135, 10623 Berlin, Germany"
Technical University of Braunschweig,"Universitätspl. 2, 38106 Braunschweig, Germany"
Technical University of Denmark,"Anker Engelunds Vej 1, Bygning 101A, 2800 Kongens Lyngby"
Technical University of Dresden,"01069 Dresden, Germany"
Technical University of Madrid,"Moncloa - Aravaca, 28040 Madrid, Spain"
Technical University of Munich,"Arcisstraße 21, 80333 München, Germany"
Technion - Israel Institute of Technology,"Haifa, 3200003, Israel"
TechWolf,"Overzet 14A, 9000 Gent, Belgium"
Tecnológico de Monterrey,"Av. Eugenio Garza Sada 2501 Sur, Tecnológico, 64849 Monterrey, N.L., Mexico"
Tel Aviv University,"Chaim Levanon St 55, Tel Aviv-Yafo, 6997801, Israel"
Télécom Paris,"19 Pl. Marguerite Perey, 91120 Palaiseau, France"
Telenor,"Fornebu, Norway"
Tencent,"Shenzhen, China"
Terma,"Sydmarken 44A, 2860 Søborg"
Texas Tech University,"2500 Broadway W, Lubbock, TX 79409, United States"
The Alan Turing Institute,"British Library, 96 Euston Rd., London NW1 2DB, United Kingdom"
The Alliance Manchester Business School,"Booth St W, Manchester M15 6PB, United Kingdom"
The Boeing Company,"Arlington County, Virginia, United States"
The Danish Agency for Labour Market and Recruitment,No address found
The Eye Tribe Aps,No address found
The French National Institute for Computer Science (INRIA),No address found
The Hong Kong Polytechnic University,"11 Yuk Choi Rd, Hung Hom, Hong Kong"
The Hong Kong University of Science and Technology,"Clear Water Bay, Hong Kong"
The Honourable Society of Lincoln's Inn,"The Treasury Office, Lincoln's Inn, London WC2A 3TL, United Kingdom"
The IMDEA Software Institute,"Campus de Montegancedo s/n, 28223 Pozuelo de Alarcón, Madrid, Spain"
The Indian Ministry of Education,No address found
The London School of Economics and Political Science,"Houghton St, London WC2A 2AE, United Kingdom"
The Media Museum,"Pictureville, Bradford BD1 1NQ, United Kingdom"
"The National Center for Epilepsy, Rikshospitalet, University Hospital, Sandvika, Norway",No address found
The National Research Council of Canada Industrial Research Assistance Program,No address found
The New Centre for Research and Practice,No address found
The Ohio State University,"281 W Lane Ave, Columbus, OH 43210, United States"
The Open University,"Walton Hall, Kents Hill, Milton Keynes MK7 6AA, United Kingdom"
The San Francisco Museum of Modern Art,"151 3rd St, San Francisco, CA 94103, United States"
The Swedish National Road and Transport Research Institute (VTI),No address found
The University of Auckland,"34 Princes Street, Auckland CBD, Auckland 1010, New Zealand"
The University of Chicago,"5801 S Ellis Ave, Chicago, IL 60637, United States"
The University of Hong Kong,"Pok Fu Lam, Hong Kong"
The University of Queensland,No address found
The University of Sydney,"Camperdown NSW 2050, Australia"
The University of Tokyo,"7 Chome-3-1 Hongo, Bunkyo City, Tokyo 113-8654, Japan"
TigerBeetle,No address found
Tilburg University,"Warandelaan 2, 5037 AB Tilburg, Netherlands"
Tokyo Institute of Technology,"2 Chome-12-1 Ookayama, Meguro City, Tokyo 152-8550, Japan"
Tokyo Metropolitan University,"Japan, 〒192-0397 Tokyo, Hachioji, Minamiosawa, 1 Chome−１"
Toyota Technological Institute at Chicago,"6045 S Kenwood Ave, Chicago, IL 60637, United States"
Transmedia Storyteller Ltd,No address found
Troyes University of Technology,"12 Rue Marie Curie, 10300 Troyes, France"
TU Dortmund University,"Poststelle: August-Schmidt-Straße 1 Rektorat:, August-Schmidt-Straße 4, 44227 Dortmund, Germany"
TU Dresden,No address found
Tübingen AI Center,"Maria-von-Linden-Straße 6, 72076 Tübingen, Germany"
Tufts University,"419 Boston Ave, Medford, MA 02155, United States"
UAE University,Sheik Khalifa Bin Zayed St - 'Asharij - Abu Dhabi - United Arab Emirates
UC Leuven-Limburg,"Gebouw B, Agoralaan, 3590 Diepenbeek, Belgium"
U-Hopper,"Via Roberto da Sanseverino, 95, 38122 Trento TN, Italy"
Ulm University,"Helmholtzstraße 16, 89081 Ulm, Germany"
Umeå University,"UNIVERSITETSTORGET 4, 901 87 Umeå, Sweden"
UNICEF,"New York, New York, United States"
Unisys A/S,No address found
UNITEC Institute of Technology,"Building 180/139 Carrington Road, Mount Albert, Auckland 1025, New Zealand"
United Arab Emirates University,Sheik Khalifa Bin Zayed St - 'Asharij - Abu Dhabi - United Arab Emirates
United States Military Academy,"606 Thayer Rd, West Point, NY 10996, United States"
"Universidad Católica ""Nuestra Señora de la Asunción""","P999+M5X, Cordillera de Amambay casi, Comuneros, Asunción, Paraguay"
Universidad de los Andes,No address found
Universidad Nacional de Tres de Febrero,No address found
Universidad Pompeu Fabra,"Carrer de la Mercè, 12, Ciutat Vella, 08002 Barcelona, Spain"
Universidad Pontificia de Comillas,"C. de Alberto Aguilera, 23, Centro, 28015 Madrid, Spain"
Universidade da Coruña,"A Coruña, Spain"
Universidade Federal de Minas Gerais,"Av. Pres. Antônio Carlos, 6627 - Pampulha, Belo Horizonte - MG, 31270-901, Brazil"
Universita' degli Studi de Urbino Carlo Bo,"Via Aurelio Saffi, 2, 61029 Urbino PU, Italy"
Università della Svizzera italiana,"Via Giuseppe Buffi 13, 6900 Lugano, Switzerland"
Universität der Bundeswehr München,"Werner-Heisenberg-Weg 393GEB, 85579 Neubiberg, Germany"
Universität für Bodenkultur Wien,"Gregor-Mendel-Straße 33, 1180 Wien, Austria"
UNIVERSITAT JAUME I,"Avinguda de Vicent Sos Baynat, s/n, 12006 Castelló de la Plana, Castelló, Spain"
Universität Mannheim,"Schloss Ehrenhof Ost, 68161 Mannheim, Germany"
Universität Potsdam,"Am Neuen Palais 10, 14469 Potsdam, Germany"
Universitat Wien,"Universitätsring 1, 1010 Wien, Austria"
Université catholique de Louvain,"Pl. de l'Université 1, 1348 Ottignies-Louvain-la-Neuve, Belgium"
Universite Cote d'Azur,"Av. Valrose, 06000 Nice, France"
Université d’Orléans,"Château de la Source, 45100 Orléans, France"
"Université de Lyon, CNRS",No address found
Universite du Luxembourg,"2 Av. de l'Universite L, 4365, Esch-Belval Esch-sur-Alzette, Luxembourg"
Université Le Havre Normandie,"25 Rue Philippe Lebon, 76600 Le Havre, France"
Université Paris-Saclay,No address found
University College Absalon,"Parkvej 190, 4700 Næstved"
University College Copenhagen,No address found
University College Cork,"College Rd, University College, Cork, Ireland"
University College Dublin,"University College Dublin, Belfield, Dublin 4, Ireland"
University College London,"Gower St, London WC1E 6BT, United Kingdom"
University College London - Institute of Education,"20 Bedford Way, London WC1H 0AL, United Kingdom"
University College Southern Denmark,No address found
University Grenoble Alpes,"621 Av. Centrale, 38400 Saint-Martin-d'Hères, France"
University Libre du Bruxelles,"Av. Franklin Roosevelt 50, 1050 Bruxelles, Belgium"
University of  Urbino Carlo Bo,"Via Aurelio Saffi, 2, 61029 Urbino PU, Italy"
University of A Coruna,"Campus, 15008 A Coruña, Spain"
University of Aberdeen,"King's College, Aberdeen AB24 3FX, United Kingdom"
University of Adelaide,"Adelaide SA 5005, Australia"
University of Agder,"Campus Kristiansand, Universitetsveien 25, 4630 Kristiansand, Norway"
University of Alberta,"116 St & 85 Ave, Edmonton, AB T6G 2R3, Canada"
University of Amsterdam,"1012 WP Amsterdam, Netherlands"
University of Antwerp,"Prinsstraat 13, 2000 Antwerpen, Belgium"
University of Applied Arts Vienna,"Oskar Kokoschka-Platz 2, 1010 Wien, Austria"
University of Applied Sciences and Arts Northwestern Switzerland,"Bahnhofstrasse 6, 5210 Windisch, Switzerland"
University of Applied Sciences Baden-Württemberg Lörrach,No address found
University of Applied Sciences Upper Austria,"Roseggerstraße 15, 4600 Wels, Austria"
University of Arkansas,"Fayetteville, AR 72701, United States"
University of Aveiro,"Universidade de Aveiro, 3810-193 Aveiro, Portugal"
University of Barcelona,"Gran Via de les Corts Catalanes, 585, L'Eixample, 08007 Barcelona, Spain"
University of Bari,"Piazza Umberto I, 1, 70121 Bari BA, Italy"
University of Basel,"Peterspl. 1, 4001 Basel, Switzerland"
University of Bayreuth,"Universitätsstraße 30, 95447 Bayreuth, Germany"
University of Bergen,"5007 Bergen, Norway"
University of Bern,"Hochschulstrasse 4, 3012 Bern, Switzerland"
University of Birmingham,"Birmingham B15 2TT, United Kingdom"
University of Bologna,"Via Zamboni, 33, 40126 Bologna BO, Italy"
University of Bonn,"Regina-Pacis-Weg 3, 53113 Bonn, Germany"
University of Borås,"Allégatan 1, 503 32 Borås, Sweden"
University of Bremen,"Bibliothekstraße 1, 28359 Bremen, Germany"
University of Bristol,"Beacon House, Queens Rd, Bristol BS8 1QU, United Kingdom"
University of British Columbia,No address found
University of Calabria,"Via Pietro Bucci, 87036 Arcavacata CS, Italy"
University of Calgary,"2500 University Dr NW, Calgary, AB T2N 1N4, Canada"
University of California,No address found
University of Cambridge,"The Old Schools, Trinity Ln, Cambridge CB2 1TN, United Kingdom"
University of Cape Town,"Rondebosch, Cape Town, 7700, South Africa"
University of Castilla-La Mancha,"Rectorado UCLM, C. Altagracia, 50, 13001 Ciudad Real, Spain"
University of Catalonia/URV,No address found
University of Cauca,"Cl 5 #4-70, Centro, Popayán, Cauca, Colombia"
University of Central Florida,"4000 Central Florida Blvd, Orlando, FL 32816, United States"
University of Chemistry and Technology Prague,"Technická 5, 160 00 Praha 6-Dejvice, Czechia"
University of Cincinnati,No address found
University of Coimbra,"3004-531 Coimbra, Portugal"
University of Cologne,"Albertus-Magnus-Platz, 50923 Köln, Germany"
University of Colorado,No address found
University of Copenhagen,"Nørregade 10, 1172 København"
University of Costa Rica,No address found
University of Derby,"Kedleston Rd, Derby DE22 1GB, United Kingdom"
University of Duisburg-Essen,No address found
University of East Anglia,"Research Park, Norwich NR4 7TJ, United Kingdom"
University of East London,"University Way, London E16 2RD, United Kingdom"
University of Eastern Finland,"Microkatu 1, 70210 Kuopio, Finland"
University of Edinburgh,"Old College, South Bridge, Edinburgh EH8 9YL, United Kingdom"
University of Education Weingarten,"Kirchpl. 2, 88250 Weingarten, Germany"
University of Fort Hare,"University of Fort Hare Alice Campus, Ring Road, Dikeni, 5700, South Africa"
University of Fribourg,"Av. de l'Europe 20, 1700 Fribourg, Switzerland"
University of Geneva,"1205 Geneva, Switzerland"
University of Genoa,"Genoa, Italy"
University of Gent,"Ufo-building, Campus Ufo, Sint-Pietersnieuwstraat 33, 9000 Gent, Belgium"
University of Georgia,"University of Georgia Chapel, Herty Dr, Athens, GA 30602, United States"
University of Ghana,"Legon Boundary, Accra, Ghana"
University of Glasgow,"Glasgow G12 8QQ, United Kingdom"
University of Gothenburg,"Universitetsplatsen 1, 405 30 Göteborg, Sweden"
University of Granada,No address found
University of Graz,"Universitätspl. 3, 8010 Graz, Austria"
University of Groningen,"Broerstraat 5, 9712 CP Groningen, Netherlands"
University of Hagen,"Universitätsstraße 11, 58097 Hagen, Germany"
University of Hamburg,"Mittelweg 177, 20148 Hamburg, Germany"
University of Hawaii,No address found
University of Helsinki,"Yliopistonkatu 4, 00100 Helsinki, Finland"
University of Hildesheim,"Universitätspl. 1, 31141 Hildesheim, Germany"
University of Hohenheim,"Schloß Hohenheim 1, 70599 Stuttgart, Germany"
University of Houston,"4302 University Dr, Houston, TX 77004, United States"
University of Illinois,No address found
University of Innsbruck,"Innrain 52, 6020 Innsbruck, Austria"
University of Ioannina,"T.Th.1186, T.K, CampusIoannina University, Ioannina 451 10, Greece"
University of Jyväskylä,"Seminaarinkatu 15, 40014 Jyväskylän yliopisto, Finland"
University of Kent,"Giles Ln, Canterbury CT2 7NZ, United Kingdom"
University of Klagenfurt,"Universitätsstraße 65/67, 9020 Klagenfurt am Wörthersee, Austria"
University of Koblenz,"Universitätsstraße 1, 56070 Koblenz, Germany"
University of Konstanz,"Universitätsstraße 10, 78464 Konstanz, Germany"
University of Lapland,"Yliopistonkatu 8, 96300 Rovaniemi, Finland"
University of Leeds,"Woodhouse, Leeds LS2 9JT, United Kingdom"
University of Leicester,"University Rd, Leicester LE1 7RH, United Kingdom"
University of Leon,No address found
University of Liechtenstein,"Fürst-Franz-Josef-Strasse, 9490 Vaduz, Liechtenstein"
University of Limerick,"Castletroy, Co. Limerick, V94 T9PX, Ireland"
University of Limmerick,"Castletroy, Co. Limerick, V94 T9PX, Ireland"
University of Lisbon,"Cidade Universitária, Alameda da Universidade, 1649-004 Lisboa, Portugal"
University of Liverpool,"Foundation Building, Brownlow Hill, Liverpool L69 7ZX, United Kingdom"
University of Ljubljana,"Kongresni trg 12, 1000 Ljubljana, Slovenia"
University of London,"Senate House, Malet St, London WC1E 7HU, United Kingdom"
University of Lübeck,"Ratzeburger Allee 160, 23562 Lübeck, Germany"
University of Lugano,"Via Giuseppe Buffi 13, 6900 Lugano, Switzerland"
University of Luxembourg,"2 Av. de l'Universite L, 4365, Esch-Belval Esch-sur-Alzette, Luxembourg"
University of Malta,No address found
University of Manchester,"Oxford Rd, Manchester M13 9PL, United Kingdom"
University of Manitoba,"66 Chancellors Cir, Winnipeg, MB R3T 2N2, Canada"
University of Mannheim,"Schloss Ehrenhof Ost, 68161 Mannheim, Germany"
University of Maribor,"Slomškov trg 15, 2000 Maribor, Slovenia"
University of Maryland,"College Park, MD 20742, United States"
University of Massachusetts,No address found
University of Melbourne,"Parkville VIC 3052, Australia"
University of Miami,"1320 S Dixie Hwy, Coral Gables, FL 33146, United States"
University of Michigan,"500 S State St, Ann Arbor, MI 48109, United States"
University of Milan,"Via Festa del Perdono, 7, 20122 Milano MI, Italy"
University of Milano-Bicocca,"Piazza dell'Ateneo Nuovo, 1, 20126 Milano MI, Italy"
University of Montpellier,No address found
University of Münster,"Schlosspl. 2, 48149 Münster, Germany"
University of Murcia,"C. Campus Universitario, 11, 30100 Murcia, Spain"
University of Namur,"Rue de Bruxelles 61, 5000 Namur, Belgium"
University of Navarra,"Pamplona, Spain"
University of Nebraska,No address found
University of Nevada,"1664 N Virginia St, Reno, NV 89557, United States"
University of New South Wales,"Sydney NSW 2052, Australia"
University of Nigeria,"Obukpa Rd, Nsukka 410105, Enugu, Nigeria"
University of North Carolina,No address found
University of Notre Dame,"Holy Cross Dr, Notre Dame, IN 46556, United States"
University of Nottingham,"Nottingham NG7 2RD, United Kingdom"
University of Oslo,"Problemveien 11, 0313 Oslo, Norway"
University of Otago,"362 Leith Street, Dunedin North, Dunedin 9016, New Zealand"
University of Ottawa,"75 Laurier Ave E, Ottawa, ON K1N 6N5, Canada"
University of Oulu,"Pentti Kaiteran katu 1, 90570 Oulu, Finland"
University of Oxford,"Wellington Square, Oxford OX1 2JD, United Kingdom"
University of Padova,"Via VIII Febbraio, 2, 35122 Padova PD, Italy"
University of Padua,"Via VIII Febbraio, 2, 35122 Padova PD, Italy"
University of Passau,"Innstraße 41, 94032 Passau, Germany"
University of Pittsburgh,"4200 Fifth Ave, Pittsburgh, PA 15260, United States"
University of Plymouth,"Drake Circus, Plymouth PL4 8AA, United Kingdom"
"University of Porto, Faculty of Fine Arts","Av. de Rodrigues de Freitas 265, 4049–021 Porto, Portugal"
University of Primorska,"Praetorian Palace, Titov trg 4, 6000 Koper, Slovenia"
University of Quebec Montreal,"405 Rue Sainte-Catherine Est, Montréal, QC H2L 2C4, Canada"
University of Regensburg,"Universitätsstraße 31, 93053 Regensburg, Germany"
University of Rochester,"Rochester, NY, United States"
University of Rome Tor Vergata,"Via Cracovia, 90, 00133 Roma RM, Italy"
University of Rostock,"18051 Rostock, Germany"
University of Salamanca,"Patio de Escuelas, 1, 37008 Salamanca, Spain"
University of Salzburg,"Kapitelgasse 4/6, 5020 Salzburg, Austria"
University of São Paulo,"R. da Reitoria, 374 - Butantã, São Paulo - SP, 05508-220, Brazil"
University of Sassari,"Piazza Università, 21, 07100 Sassari SS, Italy"
University of Seville,"C. San Fernando, 4, 41004 Sevilla, Spain"
University of Sheffield,"Western Bank, Sheffield S10 2TN, United Kingdom"
University of Siegen,"Adolf-Reichwein-Straße 2a, 57076 Siegen, Germany"
University of Siena,No address found
University of South Africa,No address found
University of South Florida,"4202 E Fowler Ave, Tampa, FL 33620, United States"
University of South-Eastern Norway,"Lærerskoleveien 40, 3679 Notodden, Norway"
University of Southern California,"Los Angeles, CA 90007, United States"
University of Southern Denmark,"Campusvej 55, 5230 Odense"
University of St Andrews,"St Andrews KY16 9AJ, United Kingdom"
University of St. Gallen,"Dufourstrasse 50, 9000 St. Gallen, Switzerland"
University of Stavanger,"Kjell Arholms gate 41, 4021 Stavanger, Norway"
University of Stirling,"Stirling FK9 4LA, United Kingdom"
University of Strathclyde,"16 Richmond St, Glasgow G1 1XQ, United Kingdom"
University of Stuttgart,"Keplerstraße 7, 70174 Stuttgart, Germany"
University of Sussex,"Falmer, Brighton BN1 9RH, United Kingdom"
University of Tartu,"Ülikooli 18, 50090 Tartu, Estonia"
University of Tasmania,No address found
"University of Technology, Sydney","15 Broadway, Ultimo NSW 2007, Australia"
University of Texas,"2515 Speedway, Austin, TX 78712, United States"
University of the Americas,No address found
University of the Free State,"205 Nelson Mandela Dr, Park West, Bloemfontein, 9301, South Africa"
University of the West of England,"Coldharbour Ln, Stoke Gifford, Bristol BS16 1QY, United Kingdom"
University of Torino,"Via Giuseppe Verdi, 8, 10124 Torino TO, Italy"
University of Toronto,"27 King's College Cir, Toronto, ON M5S 1A1, Canada"
University of Trento,"Via Calepina, 14, 38122 Trento TN, Italy"
University of Tromsø – The Arctic University of Norway,"Hansine Hansens veg 18, 9019 Tromsø, Norway"
University of Turin,"Via Giuseppe Verdi, 8, 10124 Torino TO, Italy"
University of Turku,"20014 Turku, Finland"
University of Twente,"Drienerlolaan 5, 7522 NB Enschede, Netherlands"
University of Vaasa,"Wolffintie 32, 65200 Vaasa, Finland"
University of Valencia,"Av. de Blasco Ibáñez, 13, El Pla del Real, 46010 València, Valencia, Spain"
University of Versailles,"Siège, 55 Av. de Paris, 78000 Versailles, France"
University of Victoria,"3800 Finnerty Rd, Victoria, BC V8P 5C2, Canada"
University of Vienna,"Universitätsring 1, 1010 Wien, Austria"
University of Vigo,"Circunvalación ao Campus Universitario, 36310 Vigo, Pontevedra, Spain"
University of Virginia,"Charlottesville, VA, United States"
University of Warsaw,"Krakowskie Przedmieście 26/28, 00-927 Warszawa, Poland"
University of Warwick,"Coventry CV4 7AL, United Kingdom"
University of Washington,"1410 NE Campus Pkwy, Seattle, WA 98195, United States"
University of Waterloo,"200 University Ave W, Waterloo, ON N2L 3G1, Canada"
University of West London,"St Mary's Rd, London W5 5RF, United Kingdom"
University of Wisconsin-Madison,"500 Lincoln Dr, Madison, WI 53706, United States"
University of Wolverhampton,"Wulfruna St, Wolverhampton WV1 1LY, United Kingdom"
University of York,"Heslington, York YO10 5DD, United Kingdom"
University of Zagreb,"Ul. Radoslava Cimermana 88, 10000, Zagreb, Croatia"
University of Zurich,"Rämistrasse 71, 8006 Zürich, Switzerland"
University Savoie Mont Blanc,"27 Rue Marcoz, 73000 Chambéry, France"
University West,"Gustava Melins gata 2, 461 32 Trollhättan, Sweden"
Uppsala University,"753 10 Uppsala, Sweden"
UTI Research Group,No address found
Utrecht University,"Heidelberglaan 8, 3584 CS Utrecht, Netherlands"
Vale Institute of Technology,No address found
Vanderbilt University,"2201 West End Ave, Nashville, TN 37235, United States"
Vector Consulting Services,"Ingersheimer Str. 20, 70499 Stuttgart, Germany"
Vendsyssel Hospital,No address found
Verband für Digitalisierung in der Sozialwirtschaft,No address found
Victoria University of Wellington,"Kelburn Parade, Kelburn, Wellington 6012, New Zealand"
Videntifier,No address found
Vienna University of Technology,"1040 Vienna, Austria"
Villanova University,"800 Lancaster Ave, Villanova, PA 19085, United States"
Villum Foundation,No address found
Virginia Polytechnic Institute and State University,"Blacksburg, VA 24061, United States"
Virtual Vehicle Research Center,No address found
Vishwakarma Institute of Technology,"VISHWAKARMA INSTITUTE OF TECHNOLOGY VIT, Upper Indira Nagar, Bibwewadi, Pune, Maharashtra 411037, India"
Visualising Data Ltd,"41 Talbot Rd, Roundhay, Leeds LS8 1AG, United Kingdom"
Vivantes Klinikum im Friedrichshain,"Landsberger Allee 49, 10249 Berlin, Germany"
VMware Research,No address found
VNG AG,"Leipzig, Germany"
Vrije University Amsterdam,"De Boelelaan 1105, 1081 HV Amsterdam, Netherlands"
Wageningen University & Research,"Droevendaalsesteeg 4, 6708 PB Wageningen, Netherlands"
Warsaw University of Technology,"plac Politechniki 1, 00-661 Warszawa, Poland"
Warwick Business School,"University Of Warwick, Scarman Rd, Coventry CV4 7AL, United Kingdom"
Washington University in St. Louis,"1 Brookings Dr, St. Louis, MO 63130, United States"
Wayne State University,"42 W Warren Ave, Detroit, MI 48202, United States"
Weizmann Institute,"Herzl St 234, Rehovot, Israel"
Wellesley College,"106 Central St, Wellesley, MA 02481, United States"
Welthungerhilf,No address found
Westerdals Oslo School of Arts,"Vulkan 19, 0178 Oslo, Norway"
Western Norway University of Applied Sciences,"Inndalsveien 28, 5063 Bergen, Norway"
"Wipro Academy of Enterprise Architecture. Wipro Ltd., Bangalore",No address found
Wirtschaftsuniversität Wien,"Welthandelspl. 1, 1020 Wien, Austria"
"World Maritime University, Malmö","Fiskehamnsgatan 1, 211 18 Malmö, Sweden"
World Resources Forum,No address found
Yahoo Labs,No address found
Yale University,"New Haven, CT 06520, United States"
Yandex,No address found
Yonsei University,"50 Yonsei-ro, Seodaemun-gu, Seoul, South Korea"
York University,"Heslington, York YO10 5DD, United Kingdom"
Zengo,No address found
ZURCHER HOCHSCHULE FUR ANGEWANDTE WISSENSCHAFTEN,"Gertrudstrasse 15, 8400 Winterthur, Switzerland"
Zurich University of the Arts,"Pfingstweidstrasse 96, 8005 Zürich, Switzerland"
